Workbook

Sheet Read Me
A1: GLOBALTECH INC. — PHISHING RISK ANALYSIS
A2: Purpose | B2: Independent analysis of three supplied phishing simulations.
A3: Rate definitions | B3: Basic rates use emails sent as denominator; conversion rates use the preceding attack stage.
A4: Scenario assumptions | B4: $4.35m breach cost, 25% conditional probability and control-effectiveness values are supplied assumptions, not verified benchmarks.
A5: ALE limitation | B5: One quarter of simulation data does not establish annual occurrence frequency. $652.5m is scenario expected loss, not validated annual ALE.
A6: Incident aggregation | B6: Compromised accounts are not automatically separate breach incidents. Per-account incident modelling is a simplified scenario.
A7: Training caveat | B7: The brief states a 60% click-rate reduction. That does not automatically establish a 60% reduction in credential submission.
A8: ROI definition | B8: Simple ROI = (gross modelled risk reduction − upfront cost) / upfront cost. Excludes recurring costs and overlapping-control uncertainty.

Sheet Inputs
A1: Input | B1: Campaign A | C1: Campaign B | D1: Campaign C | E1: Organisation / scenario
A2: Target group | B2: 100 | C2: 250 | D2: 80 | E2: 2000
A3: Emails sent | B3: 100 | C3: 250 | D3: 80
A4: Emails opened | B4: 82 | C4: 200 | D4: 72
A5: Links clicked | B5: 47 | C5: 150 | D5: 60
A6: Credentials submitted | B6: 18 | C6: 75 | D6: 12
A7: Data entry points | B7: 5 | C7: 25 | D7: 8
A8: Average salary (USD) | E8: 85000
A9: Cost per breach (USD) | E9: 4350000
A10: Probability of major breach if credentials stolen | E10: 0.25
A11: MFA cost per user (USD) | E11: 45
A12: MFA effectiveness | E12: 0.999
A13: Training cost per user (USD) | E13: 50
A14: Training effectiveness | E14: 0.6
A15: Email filtering cost (USD) | E15: 50000
A16: Email filtering effectiveness (illustrative) | E16: 0.2
A17: Total proposed investment (USD) | E17: 490000

Sheet Phase 1 Metrics
A1: Metric | B1: Campaign A | C1: Campaign B | D1: Campaign C | E1: Formula
A2: Email open rate | B2: =Inputs!B4/Inputs!B3 -> 0.82 | C2: =Inputs!C4/Inputs!C3 -> 0.8 | D2: =Inputs!D4/Inputs!D3 -> 0.9 | E2: Opens / sent
A3: Click-through rate | B3: =Inputs!B5/Inputs!B3 -> 0.47 | C3: =Inputs!C5/Inputs!C3 -> 0.6 | D3: =Inputs!D5/Inputs!D3 -> 0.75 | E3: Clicks / sent
A4: Credential submission rate | B4: =Inputs!B6/Inputs!B3 -> 0.18 | C4: =Inputs!C6/Inputs!C3 -> 0.3 | D4: =Inputs!D6/Inputs!D3 -> 0.15 | E4: Credentials / sent
A5: Data entry rate | B5: =Inputs!B7/Inputs!B3 -> 0.05 | C5: =Inputs!C7/Inputs!C3 -> 0.1 | D5: =Inputs!D7/Inputs!D3 -> 0.1 | E5: Data entries / sent
A6: Open-to-click conversion | B6: =Inputs!B5/Inputs!B4 -> 0.57317073 | C6: =Inputs!C5/Inputs!C4 -> 0.75 | D6: =Inputs!D5/Inputs!D4 -> 0.83333333 | E6: Clicks / opens
A7: Post-click credential conversion | B7: =Inputs!B6/Inputs!B5 -> 0.38297872 | C7: =Inputs!C6/Inputs!C5 -> 0.5 | D7: =Inputs!D6/Inputs!D5 -> 0.2 | E7: Credentials / clicks
A8: Post-click data-entry conversion | B8: =Inputs!B7/Inputs!B5 -> 0.10638298 | C8: =Inputs!C7/Inputs!C5 -> 0.16666667 | D8: =Inputs!D7/Inputs!D5 -> 0.13333333 | E8: Data entries / clicks

Sheet Risk Quantification
A1: Measure | B1: Formula / result | C1: Interpretation
A2: Pooled credential rate | B2: =(Inputs!B6+Inputs!C6+Inputs!D6)/(Inputs!B3+Inputs!C3+Inputs!D3) -> 0.24418605 | C2: 105 / 430 = 24.42%
A3: Campaign B credential rate | B3: ='Phase 1 Metrics'!C4 -> 0.3 | C3: Highest campaign credential rate
A4: Campaign B projected credentials | B4: =Inputs!E2*B3 -> 600 | C4: 2,000 × 30% = 600
A5: Expected breach events (simplified) | B5: =B4*Inputs!E10 -> 150 | C5: 600 × 25% = 150; assumes independent events
A6: Campaign B scenario loss | B6: =B5*Inputs!E9 -> 652500000 | C6: 150 × $4.35m = $652.5m; not validated ALE
A7: Campaign A projected credentials | B7: =Inputs!E2*'Phase 1 Metrics'!B4 -> 360 | C7: 360
A8: Campaign A expected events | B8: =B7*Inputs!E10 -> 90 | C8: 90
A9: Campaign A scenario loss | B9: =B8*Inputs!E9 -> 391500000 | C9: Corrected: $391.5m
A10: Campaign C projected credentials | B10: =Inputs!E2*'Phase 1 Metrics'!D4 -> 300 | C10: 300
A11: Campaign C expected events | B11: =B10*Inputs!E10 -> 75 | C11: 75
A12: Campaign C scenario loss | B12: =B11*Inputs!E9 -> 326250000 | C12: Corrected: $326.25m
A13: Pooled projected credentials | B13: =Inputs!E2*B2 -> 488.37209 | C13: About 488.4
A14: Pooled expected events | B14: =B13*Inputs!E10 -> 122.09302 | C14: About 122.1
A15: Pooled scenario loss | B15: =B14*Inputs!E9 -> 5.3110465e+08 | C15: About $531.1m
A16: Annual occurrence rate | B16: Not supplied | C16: Cannot calculate defensible ALE without annual event frequency.

Sheet Controls & ROI
A1: Control scenario | B1: Cost USD | C1: Baseline loss USD | D1: Assumed reduction | E1: Gross reduction USD | F1: Net benefit USD | G1: Simple ROI | H1: Caveat
A2: MFA | B2: =Inputs!E11*Inputs!E2 -> 90000 | C2: ='Risk Quantification'!B6 -> 652500000 | D2: =Inputs!E12 -> 0.999 | E2: =C2*D2 -> 651847500 | F2: =E2-B2 -> 651757500 | G2: =(E2-B2)/B2 -> 7241.75 | H2: 99.9% is assumed; only applies if losses are credential-driven and preventable.
A3: Training (if credential rate falls 60%) | B3: =Inputs!E13*Inputs!E2 -> 100000 | C3: ='Risk Quantification'!B6 -> 652500000 | D3: =Inputs!E14 -> 0.6 | E3: =C3*D3 -> 391500000 | F3: =E3-B3 -> 391400000 | G3: =(E3-B3)/B3 -> 3914 | H3: Illustrative only; brief specifies click-rate reduction, not credential-rate reduction.
A4: Email filtering (illustrative) | B4: =Inputs!E15 -> 50000 | C4: ='Risk Quantification'!B6 -> 652500000 | D4: =Inputs!E16 -> 0.2 | E4: =C4*D4 -> 130500000 | F4: =E4-B4 -> 130450000 | G4: =(E4-B4)/B4 -> 2609 | H4: 20% effectiveness is an unsupported illustrative assumption.
A5: Combined (illustrative multiplicative) | B5: =SUM(B2:B4) -> 240000 | C5: ='Risk Quantification'!B6 -> 652500000 | D5: =1-(1-D2)*(1-D3)*(1-D4) -> 0.99968 | E5: =C5*D5 -> 652291200 | F5: =E5-B5 -> 652051200 | G5: =(E5-B5)/B5 -> 2716.88 | H5: Assumes independent effects; real controls may overlap.

Sheet Statistical Analysis
A1: Campaign | B1: Credential submissions | C1: Emails sent | D1: Rate | E1: 95% MOE | F1: Lower | G1: Upper
A2: A | B2: =Inputs!B6 -> 18 | C2: =Inputs!B3 -> 100 | D2: =B2/C2 -> 0.18 | E2: =1.96*SQRT(D2*(1-D2)/C2) -> 0.075300741 | F2: =D2-E2 -> 0.10469926 | G2: =D2+E2 -> 0.25530074
A3: B | B3: =Inputs!C6 -> 75 | C3: =Inputs!C3 -> 250 | D3: =B3/C3 -> 0.3 | E3: =1.96*SQRT(D3*(1-D3)/C3) -> 0.056806197 | F3: =D3-E3 -> 0.2431938 | G3: =D3+E3 -> 0.3568062
A4: C | B4: =Inputs!D6 -> 12 | C4: =Inputs!D3 -> 80 | D4: =B4/C4 -> 0.15 | E4: =1.96*SQRT(D4*(1-D4)/C4) -> 0.078246725 | F4: =D4-E4 -> 0.071753275 | G4: =D4+E4 -> 0.22824673
A5: A worked example | D5: p=.18; n=100 | E5: MOE = 1.96 × √(.18×.82/100) = 7.53 pp | F5: 10.47% | G5: 25.53%

Sheet Risk Matrix
A1: Campaign | B1: Credential rate | C1: Projected credentials | D1: Expected events | E1: Scenario loss USD | F1: Priority | G1: Action
A2: A | B2: ='Phase 1 Metrics'!B4 -> 0.18 | C2: =Inputs!E2*B2 -> 360 | D2: =C2*Inputs!E10 -> 90 | E2: =D2*Inputs!E9 -> 391500000 | F2: 2 - Medium-high | G2: HR-themed simulations and targeted coaching.
A3: B | B3: ='Phase 1 Metrics'!C4 -> 0.3 | C3: =Inputs!E2*B3 -> 600 | D3: =C3*Inputs!E10 -> 150 | E3: =D3*Inputs!E9 -> 652500000 | F3: 1 - Highest | G3: Prioritise MFA, reset verification and risky sign-in alerts.
A4: C | B4: ='Phase 1 Metrics'!D4 -> 0.15 | C4: =Inputs!E2*B4 -> 300 | D4: =C4*Inputs!E10 -> 75 | E4: =D4*Inputs!E9 -> 326250000 | F4: 2 - High | G4: Executive/assistant training and out-of-band verification.

Sheet Break-even
A1: Measure | B1: Calculation | C1: Interpretation
A2: Investment | B2: =Inputs!E17 -> 490000
A3: Cost per breach | B3: =Inputs!E9 -> 4350000
A4: Expected breaches to break even | B4: =B2/B3 -> 0.11264368 | C4: 0.1126 expected breaches
A5: Whole breaches to cover investment | B5: =ROUNDUP(B4,0) -> 1 | C5: At least one whole breach at assumed cost
